id,reviews,price,stars,yelp_category,state
c4feb884-0667-8505-65e6-72c8dbdf252d,26,3.00,3.50,Women's Clothing,OH
e95fc186-a175-39aa-6b3c-1e3da3086f8d,32,2.00,3.50,Active Life,AZ
92d92dac-a736-9d20-2343-96e72329a2fc,22,1.00,3.50,Active Life,WI
ce40c4bc-6010-840c-a697-ac11b4046718,4,1.00,3.50,Adult Entertainment,AZ
29d74684-7bcc-91e2-2e71-ba00538a362b,147,2.00,4.00,Afghan,AZ
80ceb7a2-8ed3-2b14-8eaa-a4712d004bb8,249,1.00,4.50,Afghan,NV
d19f65f5-61ca-39cc-0b15-d22fe6416d2f,142,2.00,3.50,Afghan,WI
256c7266-47f1-4fc5-9c96-99d99bbd9029,10,1.00,4.50,African,NC
8921d4e6-24be-6daf-1b6b-707ba7bb4053,7,2.00,5.00,African,OH
463332fd-94fc-a3a4-4510-20b7123892b3,16,2.00,1.50,Airports,NV
7a2e04d4-27aa-7a1d-396b-690c8e5a16cb,4514,1.75,3.53,American (New),AZ
809f503c-51c5-6fc8-4d60-deb69a149f6d,4,2.00,3.00,American (New),IL
146fdee1-0967-369d-41bf-694a30bd0da6,5472,1.81,3.54,American (New),NC
195be10d-39a3-44c1-9a38-f0dbb7f32498,26093,1.89,3.54,American (New),NV
81b085bc-6fa4-5cc8-2b11-1a047ca28330,2731,1.81,3.65,American (New),OH
f6208f7f-28d4-88fc-90f9-75ffb5944b35,5684,1.85,3.50,American (New),PA
fa9c4542-5974-1cd7-76f2-d0dbd45464b2,3456,2.14,3.83,American (New),WI
9f80726a-840f-a014-83c7-d5eec1c5801e,4698,1.68,3.38,American (Traditional),AZ
0dc103ba-5ee6-5dda-8352-16d7574432b2,201,1.40,3.40,American (Traditional),IL
86449703-8b4f-721f-53dd-f0a5ab1081ca,3854,1.57,3.32,American (Traditional),NC
ab3d74b2-3310-7e0f-58a8-e75160457356,23143,1.78,3.41,American (Traditional),NV
de4fadee-3bc0-15d5-671b-84e265802af5,2851,1.89,3.33,American (Traditional),OH
ea5abab0-0ff8-7ab7-88e3-dc1e52607c50,2354,1.66,3.66,American (Traditional),PA
c6b3b982-9efb-a3ef-49d5-ef83bef11f3d,2668,1.67,3.62,American (Traditional),WI
231f01c0-8bf1-246a-33d0-c63b5a7245b3,48,2.00,3.50,Antiques,NV
dbb57336-2c92-99a9-493f-b0ea47ab3ade,184,1.50,4.13,Arcades,AZ
b24c10b0-3335-1de2-5a4e-ca135fde7723,174,2.00,3.00,Arcades,NV
c262f813-5944-0b13-9963-e3d0def7a298,201,2.00,4.50,Argentine,NV
6dbacde0-98f5-8841-20e4-3a16307766a8,985,2.00,4.50,Argentine,PA
bfe50585-5272-76ee-4e05-9fbf13421161,20,2.00,4.50,Art Galleries,OH
f4d7c4c5-9cc6-7f9b-a208-72ed93a012b6,41,2.00,3.00,Arts & Entertainment,AZ
614af71f-a377-838e-5249-d4bfe95e460e,517,2.25,3.13,Arts & Entertainment,NC
d28f2d71-9368-7965-778c-66aac8c98ee3,2315,1.90,3.55,Arts & Entertainment,NV
e805c3d5-9d78-81a5-4774-2012da0646ab,243,1.67,3.83,Arts & Entertainment,OH
db0ef052-5b4b-40b3-a2d3-cd80d7de5578,168,1.50,3.25,Arts & Entertainment,PA
10854919-10fa-7429-4501-b4d7cc4d7e01,599,1.14,3.86,Asian Fusion,AZ
62943fee-12f5-157c-5af1-9279fbc76c0e,2005,1.67,3.57,Asian Fusion,NC
76d3fcd2-5f5e-1cca-5659-01eaf41236a0,5786,1.89,3.79,Asian Fusion,NV
4fde2ced-15fe-6d6e-930f-556aa6941db6,670,1.88,3.81,Asian Fusion,OH
6726ee16-8810-3d66-70c7-f71fc84f3a73,309,2.00,3.50,Asian Fusion,PA
faee9fc7-0c45-6790-5242-4f8be9ff7723,726,1.67,3.38,Asian Fusion,WI
ff70fb0a-85ab-9212-73b4-f942311c77a9,3458,2.00,4.00,Automotive,NV
a074dfd4-7adb-0e9f-a682-3c6e3d29a2a5,251,1.25,3.75,Bagels,NC
b754d055-166b-65b3-a24e-aae506e48b5e,1168,1.17,3.75,Bagels,NV
d746ba67-6c4b-2361-0217-543096f77fc8,4,1.00,4.00,Bagels,OH
ab0f7388-3306-64f8-524b-dd2ac4fd0690,18,1.50,2.50,Bagels,PA
9529e61f-07f1-1f4a-6fb3-155a46738c9b,489,1.38,3.56,Bakeries,AZ
d7b22f02-67d8-6031-7fbb-ec2d1aa93fd7,1489,1.67,3.83,Bakeries,NC
fb3f151e-56dc-a09c-9fcd-ccd4ba452ab6,6124,1.81,4.00,Bakeries,NV
9cedb4b7-2933-266c-9ad0-b90a9e992512,244,1.14,4.07,Bakeries,OH
6d8a3574-958d-4c97-6d48-93f077394035,233,1.60,3.70,Bakeries,PA
ff167b51-65a3-a27c-14fa-ffa0d5549c02,107,1.00,4.17,Bakeries,WI
113c16bc-6d20-76f1-a575-a520fc3c87ff,961,1.78,3.94,Barbeque,AZ
bae2b364-389b-7fbc-13ed-dcb783c527e6,75,1.00,3.50,Barbeque,IL
2c1208c8-3f3a-4a7e-82d0-3c4db4b9288b,1218,1.58,3.29,Barbeque,NC
3e21be1c-3b77-9b2d-3e8a-422af0b88284,5281,1.74,3.51,Barbeque,NV
21899c8b-39e6-2343-35dd-668394e040e0,187,1.45,3.50,Barbeque,OH
72d8b5b6-4a8f-7d25-95c9-112cbfcb970c,731,1.80,3.77,Barbeque,PA
686cbfec-2170-7fe8-7090-0829485d7eb8,496,2.00,3.58,Barbeque,WI
58c094ff-a582-4595-5b78-e615c92091b8,1500,1.84,3.39,Bars,AZ
2f4c3a64-5445-9446-0df6-4a2817d50707,112,2.00,3.67,Bars,IL
c778d559-663d-652a-0ff1-4e8838585224,3201,2.03,3.60,Bars,NC
d7dcc9a8-6cb0-88d2-3404-3272282d43ae,23380,2.14,3.66,Bars,NV
fe0711c6-1ff8-53cf-730e-8bca1812a79d,1789,1.83,3.54,Bars,OH
5eeea5db-2dc4-163a-48d6-ac99e709379e,3831,1.82,3.61,Bars,PA
441bdbbb-4fba-64c6-9df7-6a63f7916e43,1101,1.60,3.50,Bars,WI
cdaccff8-0ebe-9e00-9350-a0ef36774dcc,42,1.00,4.00,Basque,NC
55536b97-6d13-8391-86ce-eb2ec3f134d4,13,2.00,5.00,Beauty & Spas,AZ
e683dc10-285f-52fc-9cd3-bfbc7fe2688f,49,2.00,4.00,Beauty & Spas,NV
5670f2bd-96dd-14a2-5a78-6f5a92f89ad6,257,2.00,4.17,Beer Bar,NC
3b49291e-6c85-4710-54df-7576e2742bca,17,2.00,4.50,Beer Bar,NV
05646f23-174a-0887-0acb-dfcf559e10ed,6,1.00,2.50,Beer Bar,WI
44c3004d-3d47-5063-1c6f-3e4d878a0563,155,2.00,3.75,Beer Gardens,NC
9dec5015-4451-6a48-2b3c-30433f6f7d27,113,2.00,3.50,Beer Gardens,OH
b2547b7f-047f-82f0-93cc-d9ce657e92fa,71,1.67,2.67,Beer,AZ
5617a8bd-3136-26d5-9fb7-015beebb264e,834,1.70,3.55,Beer,NC
3f9b9794-29e7-8e4a-4c46-5e772e4013a3,5025,1.75,3.38,Beer,NV
5e4337e9-00d8-93dd-9af1-a50be41b8490,476,1.57,4.00,Beer,OH
805a82b0-101f-61a9-9e7c-03449a2b587e,160,2.33,3.67,Beer,PA
d4dfd4f9-0ec5-4c1b-6979-249167dd7157,66,1.00,3.75,Beer,WI
d3b9e2a2-08ae-3372-8cd3-2d3869608c52,25,1.00,3.00,Belgian,NV
17df4a20-a3eb-9f97-2d18-6d7ce0512731,221,2.00,4.00,Belgian,PA
3d5e9090-849d-13cb-2577-c06a62f80c7d,263,2.00,4.00,Belgian,WI
88c4e276-1f15-01ff-10f3-5ab520867cf0,20,1.00,4.00,Beverage Store,PA
d7914a6d-62f8-73b9-237f-b1e017901aa3,38,2.00,3.50,Books,NC
23c01c39-a3d0-1d9c-64ac-b2687a667639,144,2.00,3.00,Bowling,OH
7b932cb6-6bbc-3b4c-8551-f52862be5a9c,604,2.00,4.50,Brasseries,NV
b9836103-09b6-2b93-0673-82c628c208ff,76,2.00,3.50,Brasseries,PA
69ab3932-67ce-30f2-9f05-4820dc667492,766,2.00,4.17,Brazilian,NV
906565b2-5890-a2b5-6ade-e19b65484074,152,3.00,3.50,Brazilian,WI
8e45965b-5c92-61f3-078f-683288cd9b8b,3433,1.17,3.50,Breakfast & Brunch,AZ
4787e6ee-0afa-3321-988d-0a7e256c2eac,72,1.00,3.75,Breakfast & Brunch,IL
8714d6fd-9cc0-0168-4587-25012e6c109a,2345,1.48,3.52,Breakfast & Brunch,NC
1b9dcc63-283c-9b6f-7872-76e034f70bc4,21031,1.71,3.52,Breakfast & Brunch,NV
42d5569d-3199-00e4-3556-0104d44d48e0,1480,1.17,3.31,Breakfast & Brunch,OH
bf7a10e2-90a0-1cdd-2c3f-99fa9b6e51a5,2597,1.35,3.71,Breakfast & Brunch,PA
322e109e-294f-1375-2e36-daf7d8e60f66,490,1.14,3.79,Breakfast & Brunch,WI
408e9a6d-30f5-764d-6179-6b67812e16e4,243,2.00,3.50,Breweries,AZ
83633473-3cb3-802c-19b6-7a9faf3a758a,413,2.00,3.50,Breweries,NC
b2bb530b-78af-1c3b-1a56-e56d50ba7c6d,571,2.00,3.88,Breweries,NV
db3b65f1-700a-6c16-7a16-3d233fe09ba5,789,2.00,3.75,Breweries,OH
22da3355-165a-9c78-24ba-6bd53ee24756,51,2.00,3.00,Breweries,WI
4e29c0f3-5680-1f65-5022-e993fcd56502,303,2.00,3.50,British,AZ
fbcb3fdb-48d5-2970-6f92-4216dc822b38,99,2.00,3.50,British,NV
97dba818-848c-9be3-7192-0115803e5de2,14,1.00,3.50,British,WI
64897771-651d-9ad2-90af-b547150d28d8,47,1.00,4.50,Bubble Tea,AZ
3ec9753d-4f71-60ba-2aff-d3f650615118,90,1.00,4.50,Bubble Tea,NC
4a7d4f8a-3416-0fb1-3205-b5f5ca065165,540,1.00,3.83,Bubble Tea,NV
30700fc7-9188-4374-285e-881e477590ad,140,1.00,4.00,Bubble Tea,OH
2a78a595-545c-4354-6941-a379a8778d8b,84,1.00,2.75,Bubble Tea,PA
95f04acf-1e8d-22d7-2d51-faf1d022107d,643,1.42,2.71,Buffets,AZ
b4791759-8c38-803d-447d-51f2b63f99af,20,1.00,3.00,Buffets,NC
850f10b4-3829-9a9d-37f4-f2a6eb9a3fe4,19472,2.06,3.09,Buffets,NV
63981aad-6c63-1d3e-224a-4528727d6a40,100,1.40,2.70,Buffets,OH
e0641fa1-80dd-48c0-89c7-a4b0db543c70,4701,1.30,2.74,Burgers,AZ
dfe00da6-0f4d-a3b5-2894-6d82f02966a2,135,1.33,2.50,Burgers,IL
115c7bc7-27c7-5067-6c47-6897012b89fd,1298,1.19,2.80,Burgers,NC
c3eb71da-6a74-2b35-72df-0a3dbc7b141b,21434,1.30,2.93,Burgers,NV
332cc295-4a27-235b-a117-ccb282356825,1218,1.45,2.86,Burgers,OH
d8d081b3-88a5-85da-5e84-c1bd9be8984f,1822,1.58,2.89,Burgers,PA
97833059-6e0c-3830-984e-f4dab1b19323,287,1.22,3.39,Burgers,WI
3aac3799-5445-48f0-9c38-b830483f9192,40,2.00,4.50,Butcher,NV
cee84c81-04d3-3845-3baa-efa7662742ee,891,1.23,3.88,Cafes,AZ
8f5894a6-708a-9c2a-08e4-fb8292c83ba6,71,1.00,4.25,Cafes,IL
3fc3fcb8-646b-1541-676a-6b63bfe96941,162,1.75,3.50,Cafes,NC
2345a423-87d2-55d5-7a28-9db6b7ee3d55,5919,1.55,3.50,Cafes,NV
a820656d-8f8a-4d22-12f9-a9538d6106b0,440,1.44,4.22,Cafes,OH
790b1598-770d-a072-6651-4e193c9f5e0b,684,1.56,3.88,Cafes,PA
8d9aac4d-975f-72c8-1e71-7b088f369a1f,252,1.13,4.06,Cafes,WI
57aeb15f-5817-0766-8022-9d1d96840bce,8,2.00,4.50,Cafeteria,NC
799598da-3719-a3c2-42e5-a0c27251a323,65,1.00,3.50,Cafeteria,NV
008bf4ba-7e11-1007-9f99-612143418480,12,2.33,2.17,Cafeteria,OH
bd1a8538-68f5-1484-8a02-3539f7131bf6,987,2.00,3.50,Cajun/Creole,AZ
e81b835f-0986-851a-2328-6f644d470b3c,285,2.00,3.50,Cajun/Creole,NC
3ca21e4b-45fe-835c-07ef-6922949d3dbb,3891,1.78,3.67,Cajun/Creole,NV
796fc30c-5527-8b64-a177-9366f1d1a66c,151,1.50,4.00,Cajun/Creole,OH
c204cee0-7817-2f6b-8a25-d9711c3c9199,382,2.00,3.50,Cajun/Creole,PA
6f6436b1-57ba-63e7-8990-e0e305d78ca1,12,1.00,4.00,Cambodian,OH
d8cfc22d-7bd2-48e7-a15e-0d8b69e47216,92,2.00,4.00,Cambodian,PA
dbe6a183-903e-3c4b-0065-e8fbc7945406,4,3.00,3.00,Candy Stores,NV
1ebcab3d-6c5d-138f-60b8-d9f0e8ad1bca,121,2.00,4.50,Cantonese,AZ
cb53b893-11db-528e-6d69-858d6f2d80ef,102,1.00,4.00,Cantonese,NV
910b09bf-15b6-8502-6c06-31b588bd55b7,245,1.86,3.57,Caribbean,NC
55261da9-11f4-0523-970b-21ddeb12a59c,952,1.67,4.50,Caribbean,NV
da1745e3-315a-51e4-9794-26a08bd99a3b,12,2.00,4.00,Caribbean,OH
f06251f9-72b4-690d-8aeb-5a73b34d5353,22,2.00,4.00,Caribbean,PA
01a5a472-4f30-87d2-9769-646c2edd577b,3204,1.67,3.08,Casinos,NV
7c9e0cbf-4892-1e49-6993-56a5b14b8c99,669,1.40,4.00,Caterers,AZ
03f0161e-3678-5dd9-99e4-0bbe96a37417,295,1.60,4.00,Caterers,NC
aeefa8a9-01f3-625d-2f11-371f76f23f70,6634,1.58,4.21,Caterers,NV
2ac2d449-8056-2768-19b9-b6ff4bc90db8,117,1.67,4.00,Caterers,OH
0fe1609d-2b4a-735d-23b0-8aa6dfdc9ece,106,1.67,3.00,Caterers,PA
44653218-81de-16c2-8db5-52c2f59277fd,32,2.00,3.00,Caterers,WI
36496597-a30d-443a-6aa3-ee9c041769d7,220,2.00,3.50,Champagne Bars,PA
f3e69a76-5620-3823-53b1-6d96a13077ac,55,1.25,3.38,Cheesesteaks,NC
256345dc-6db8-0b22-174f-46bcb8ce259d,161,1.50,3.00,Cheesesteaks,NV
e2989e80-6368-2d21-64fb-5fdc9dd4212d,8,1.00,4.25,Cheesesteaks,OH
78dce92c-436b-3c2e-47a0-287503df260b,16,2.00,3.00,Cheesesteaks,WI
947b1864-2b09-4732-76f5-8ffb87fe1e99,52,1.00,3.00,Chicken Shop,NC
d6f234b3-6c40-9b97-1587-322848c36ed5,726,1.43,3.93,Chicken Shop,NV
66950cae-8721-939f-122b-69980e1d3f75,31,1.00,3.00,Chicken Shop,OH
329172c9-41e3-8358-45b3-3e3dc1618a33,113,1.00,4.50,Chicken Shop,PA
7954ad09-710e-079e-864f-47a1bc8420ab,12,1.00,4.50,Chicken Shop,WI
bbee3e40-5c34-8201-5b81-3829aa638bb8,1068,1.41,2.77,Chicken Wings,AZ
bb9b090c-0edf-78cf-a110-dbea334e65e1,37,1.50,2.25,Chicken Wings,IL
56c809d9-4cc9-4551-8e92-a1903c218117,545,1.40,2.64,Chicken Wings,NC
7d6c073d-18a7-135b-1fc9-888ae55a9ded,3433,1.36,2.86,Chicken Wings,NV
a9c2bab3-6c9c-2d05-26c8-d5e681da4c49,348,1.60,3.05,Chicken Wings,OH
7ddbaa4f-04e9-393a-1058-3bddf6bb8477,887,1.50,3.03,Chicken Wings,PA
4b6be992-072d-0ffd-1ce9-5d38c4f13c7b,225,1.50,2.85,Chicken Wings,WI
88584603-7aba-267a-131a-0d3a72f43470,2141,1.23,3.43,Chinese,AZ
27287a47-541c-48a0-61ad-d043eec847bb,235,1.29,3.64,Chinese,IL
f9299ac8-29d9-54b5-2b47-2264170b3838,1836,1.28,3.19,Chinese,NC
4e880324-604b-6481-57be-0df0537d6b2f,16055,1.47,3.32,Chinese,NV
24b4090b-3284-8500-2a06-ba1af8b411e3,1303,1.33,3.44,Chinese,OH
6a62486f-2b1c-961c-219b-33d5df0d4426,1912,1.45,3.43,Chinese,PA
a08b924a-846d-4fb1-666d-b8c856e48b80,961,1.44,3.22,Chinese,WI
a0e95a8c-8658-9971-0531-6362c2a35552,27,3.00,5.00,Chocolatiers & Shops,PA
8f01c804-00b6-6f45-67fc-6ab55a9b41df,21,1.00,4.00,Cinema,WI
ecaf0a64-25e2-792c-a6b9-a20be35272fc,239,2.00,3.75,Cocktail Bars,AZ
f78beb1d-36c1-06c2-86f8-6209766a2060,158,2.00,3.83,Cocktail Bars,NC
792aadb3-2ab1-1b43-6b7b-894910283826,919,1.75,2.75,Cocktail Bars,NV
7608b366-439c-8e7d-9c6a-944995c03edb,481,2.00,3.50,Cocktail Bars,OH
65ba5ae2-7bd5-76ae-2a83-eb4f9a5519ec,19,2.00,4.00,Cocktail Bars,PA
8356d5f3-3baa-2bc0-543e-bf7215fa34c5,746,2.25,3.63,Cocktail Bars,WI
f49e99d9-2c96-030b-61c2-78cdb41e463d,1293,1.60,3.95,Coffee & Tea,AZ
d5d6b9cc-4f17-1b8d-916e-e7b15b2d4ecc,52,1.50,3.75,Coffee & Tea,NC
2d15cbeb-29f2-3c19-4e60-e9ab089e792f,1607,1.27,3.90,Coffee & Tea,NV
d78a14ad-196f-6ace-26b0-c06213408a43,653,1.80,3.40,Coffee & Tea,OH
b6edcab8-5ef4-6673-0391-b93c15bf2436,525,1.42,3.83,Coffee & Tea,PA
16590f27-3dae-3098-4f4f-cb70278369cc,492,1.10,4.00,Coffee & Tea,WI
cda7fd8f-027c-9055-64f8-50a8aed60a7c,173,2.00,4.00,Coffeeshops,NV
74a5457d-5624-41be-a2c1-022f5c312dac,78,2.00,4.50,Colombian,AZ
7c168da7-6a91-7ae6-4d5e-cc2b876802b1,48,2.00,3.50,Colombian,NV
8d6080e9-76f9-122d-0f60-21725de98144,28,2.00,4.00,Colombian,OH
3c3ebf00-8155-85b7-998b-dc4f16e72381,533,1.50,3.88,Comfort Food,NC
f65543bf-52e9-94bd-247a-7a8c52b993b1,770,2.25,3.50,Comfort Food,NV
f696e42e-5a21-846e-3a81-797c6cfc581f,62,2.00,3.50,Comfort Food,PA
b27fdbe1-996f-182b-58fe-7898b1d677a4,16,1.00,2.50,Comfort Food,WI
2c83146d-6ee8-7a74-a797-454ca8163b87,22,1.00,4.75,Convenience Stores,NV
cc551b78-a5b6-3c23-0057-18b916cf71e5,97,2.00,4.00,Creperies,AZ
572a379a-2105-8987-3af3-39dd64b48896,43,1.00,4.50,Creperies,NC
da25147e-0794-687d-0a5a-fb7fc5297e75,830,1.33,3.83,Creperies,NV
bbe50295-8000-8082-3189-c8ff68680fef,45,1.00,3.50,Creperies,OH
72b1f5d2-77ff-4304-9786-66173c6f6fa2,121,1.50,3.75,Creperies,PA
7d9dd96f-0306-6633-9d2e-9d04280159a5,295,1.33,3.83,Cuban,NV
e3f9ebb2-50c8-60ed-472b-7e63e3eba574,58,1.00,4.50,Cupcakes,OH
e91202df-28ce-1b97-002e-668903380892,320,2.00,1.50,Dance Clubs,AZ
bc4a1384-5c05-3ea1-4ca3-3c477d0115b2,92,2.00,2.75,Dance Clubs,NV
4963e4c6-86ff-045e-5854-a90b09fe6957,44,2.00,3.25,Dance Clubs,OH
04a178fb-8113-652b-249f-a010ac2799ac,173,1.33,3.25,Delis,AZ
7a86cd67-46ec-3476-986e-68856db87f43,11,1.00,3.00,Delis,IL
2adbe92c-747f-5fe5-0ec0-f441adc71ca1,675,1.19,3.60,Delis,NC
3e888fcc-0747-1a48-0c42-1f96275b36af,2330,1.39,3.61,Delis,NV
e3fe3904-25d9-1879-5cb1-af9fcda37cfe,268,1.17,4.04,Delis,OH
e4793327-09cc-433f-46c7-2f4fe9176395,433,1.07,4.43,Delis,PA
4f900570-2a2f-1d04-7945-cbe395ed7a4d,173,2.00,3.50,Delis,WI
36be8d87-a005-5d26-1012-e62f6c113863,336,1.67,3.83,Desserts,AZ
d9fbfa2b-38eb-0a05-1b05-9bbaf7d89e24,290,1.40,3.40,Desserts,NC
4d0fcb62-6f6b-38ba-786c-bb8fb91b0337,5096,1.53,3.65,Desserts,NV
0d327954-0a27-8934-9115-d049e9e83f03,139,1.25,4.13,Desserts,OH
7ec72b31-4f57-a156-9a78-cc5151cc7256,250,1.50,3.88,Desserts,PA
d9331130-2fde-0f1f-a565-dea828341d9a,25,2.00,3.50,Desserts,WI
5f689a51-109b-5c8c-1c8a-22ee2b70870c,40,2.00,3.50,Dim Sum,AZ
05b4b264-23e1-0938-2510-7388cc56a4fa,147,2.00,3.00,Dim Sum,NC
d05ff331-0c9a-3eee-10dd-39890d297675,3083,2.33,3.42,Dim Sum,NV
3c19019a-47c7-8a64-10f0-7df245aaa02c,209,2.00,3.50,Dim Sum,OH
586ba7a9-9c27-0149-620b-a04d2b109de0,800,1.50,3.67,Diners,AZ
41a37e33-78b5-45fa-66ad-adf63f1d5b4f,483,1.00,3.78,Diners,NC
47e5a51d-82d8-6119-1b72-87c0fbb412a0,3523,1.75,3.47,Diners,NV
eda80896-049b-2103-66e9-e2bc14208737,392,1.13,3.47,Diners,OH
ee18b358-a6af-3a46-6339-f0eea31f30f3,379,1.17,3.71,Diners,PA
e9642b02-57a4-7dd3-208f-cca6895c8ba8,497,1.00,3.50,Diners,WI
909a5a8f-735f-2f09-7493-c9b95f1347db,3,2.00,5.00,Discount Store,NV
78295bca-789c-545d-3c61-03e3787f83ec,1094,1.60,3.70,Dive Bars,NV
b6ebd34e-0878-8974-8f65-bc9571ad114f,36,1.33,4.00,Dive Bars,OH
e4d1bd78-1c4f-7cc2-5d94-a27eddc16a74,72,1.00,3.50,Dive Bars,WI
a9953b6c-318b-0dfb-341e-afa500079496,76,1.00,4.50,Do-It-Yourself Food,NV
b02dabef-2043-9017-86c5-3186236f1125,44,1.00,4.25,Donuts,AZ
870e10d7-3fc8-6a41-6a6e-87a8512d1bdc,33,1.00,4.00,Donuts,NV
c4bb3504-1fc2-6f70-83ab-4c7e3ae441ba,6,1.00,4.50,Empanadas,PA
453828ba-0219-5727-245f-547c48ea01bc,49,2.00,3.50,Ethiopian,NC
47282bc4-3ea7-9634-6ce2-bf564c6455d9,156,2.00,4.00,Ethiopian,NV
d2bd29dd-8a02-078a-a2e4-2ac08ac141a4,105,1.00,3.50,Ethnic Food,AZ
a3503e41-4c41-2a05-8ae6-b9f4bc659ebd,204,1.75,4.00,Ethnic Food,NC
0b91d3e6-1343-32ab-2e59-36a0e22aa42e,351,1.67,3.67,Ethnic Food,NV
f32663a4-0a1e-0930-296d-ea017bb11ae8,72,1.50,4.25,Ethnic Food,OH
c6b94bd1-32d3-825e-0d6f-5833e65c4174,6,1.00,3.00,Ethnic Food,PA
db36c9e3-3bf2-8376-86fe-13e2901a231a,48,1.00,3.50,Ethnic Grocery,NV
f9c4084e-79c8-986a-8822-035ed4ac830a,1488,1.57,3.50,Event Planning & Services,AZ
cfc6bd5a-45df-7dcd-2bb9-43bd5998640d,58,2.00,3.50,Event Planning & Services,IL
21c82139-1400-27f3-396b-5a5ed0cc825f,1001,1.67,3.79,Event Planning & Services,NC
311ea145-0238-05b6-1a85-c9ca6d948ecb,4942,1.65,3.43,Event Planning & Services,NV
4f5a0641-8f48-6edf-28be-ee890c12a22c,581,1.78,3.78,Event Planning & Services,OH
e2b6f85b-6825-74a8-988b-c2d02d094b8e,411,1.67,3.78,Event Planning & Services,PA
ee46937f-9690-65a0-9997-3d1e85135197,25,1.50,4.00,Event Planning & Services,WI
a144ef63-4f4b-8bea-6456-f4c3999e0496,15,2.00,4.00,Falafel,NC
306e3b78-2155-03cf-8eda-155cc0d7a2b3,169,2.00,3.50,Falafel,NV
ec99167f-5170-6092-9bf7-696c62ba30ab,88,2.00,3.50,Farmers Market,AZ
831b6334-3d7a-62a5-0b99-6582e8271bad,156,2.00,4.50,Farmers Market,NV
35aa3c7e-4a79-9361-2c9e-75fe12792552,349,1.50,4.00,Fashion,NV
2533f766-a42b-5155-0b10-4c204a9f2ac2,1566,1.07,2.79,Fast Food,AZ
023a0f19-42e0-5617-9b0b-92324b04867b,19,1.00,1.33,Fast Food,IL
15ec3eba-94f3-56c5-7fb8-a19a45e82ea6,1121,1.12,2.85,Fast Food,NC
41405379-5acb-7dc2-40b1-d36928813fc6,10961,1.10,2.80,Fast Food,NV
d6469778-674d-1757-0a9b-37f71cd191e2,512,1.13,2.99,Fast Food,OH
95a202aa-1a3e-2e46-3074-069998e18f63,372,1.08,2.90,Fast Food,PA
44c2c8c0-3c4f-7e17-9bc9-9999398b6ffc,151,1.08,2.42,Fast Food,WI
73108fe2-9a3b-94da-0f79-1c89354b4fd5,4,3.00,5.00,Feng Shui,NV
c320bee4-1154-4a35-7163-08a45ea51fe4,7,1.00,3.50,Festivals,AZ
d73d03be-6d5b-2a3f-6822-3e25fe762664,1282,1.28,3.50,Filipino,NV
427c4895-44d2-033f-7dc7-929e39fa2f59,48,1.00,3.25,Fish & Chips,AZ
7dec7d90-33da-52be-64f4-f3c721655656,14,1.00,3.00,Fish & Chips,PA
5c191868-359c-5d30-617b-b08cfc385fad,117,2.00,3.50,Fish & Chips,WI
c4d0dca5-6ee1-2e33-0fc4-e7e48e9f1825,211,3.00,4.00,Fondue,NV
61b81e6e-741d-97b9-6034-cb2e99c529ef,108,3.00,4.00,Fondue,PA
a89704a1-6f98-67f2-5bb1-7a7bea3ca61b,56,3.00,3.00,Fondue,WI
a09b6964-7a28-3e01-a278-7efdbc208dc4,124,1.38,3.56,Food Court,NV
c3d7d519-746c-48d0-38d1-db56a4831739,58,1.00,3.50,Food Delivery Services,AZ
5766d30b-5605-7d75-6f04-e9ab4f5c792f,88,1.50,4.00,Food Delivery Services,NC
a01805c6-8818-738d-762c-b9a03a9ca3d2,422,1.50,4.05,Food Delivery Services,NV
13bd0594-2dfd-2b17-0d87-06a61261941a,45,1.33,3.33,Food Delivery Services,OH
5f8e9e22-9371-2a15-524e-c884f72ea7bb,5,2.00,3.00,Food Delivery Services,PA
5ca9cd00-7db0-31cc-5f15-154995a51507,80,1.50,4.25,Food Stands,AZ
83f041b7-4bd8-7773-a621-ad8338fd176a,14,1.00,4.25,Food Stands,NC
7de584af-026c-269f-a6b2-bf0958ce3bcf,512,1.33,3.17,Food Stands,NV
71f019de-0453-0dfb-27c7-ec3e98a156bb,5,1.00,3.50,Food Stands,PA
18b27257-145c-2b66-48c5-3b4f7e0561bd,32,1.00,4.75,Food Stands,WI
976a723a-8c2b-a3b8-950f-b385a13989bb,49,1.50,3.88,Food Trucks,AZ
7bbaa79d-50bb-73d8-248b-02009ffd3bd4,118,1.00,4.50,Food Trucks,NC
ca716e9b-2de7-4f0f-8bf4-0ebdfb46a47f,200,1.00,4.21,Food Trucks,NV
3fd6fe1c-1034-9a5a-2731-db53b8b03c9f,18,1.00,4.75,Food Trucks,PA
750ef009-7a36-3765-1697-617ad2af971c,4005,1.50,3.52,Food,AZ
3d387668-07af-2957-963f-a65828c359a0,48,2.00,4.50,Food,IL
b9c4b2ae-76fb-7ef5-9cf2-c04ca7e14ca9,2820,1.39,3.72,Food,NC
c8609156-7dfe-499e-2bad-e09201ac349a,15008,1.50,3.55,Food,NV
2cdb36a9-6aef-9998-0878-59548c3e598c,1262,1.43,3.89,Food,OH
cdc85291-1741-80d7-6e78-192baeec2ebf,3841,1.50,3.94,Food,PA
e2f58c79-459b-2267-5eda-e5bb7bfe8a71,2306,1.29,3.75,Food,WI
ca89fa85-4f21-1467-4afc-200fcdad4b6c,384,2.00,3.75,French,AZ
1efc20c2-786d-5c0a-4a9d-ee2c66833026,4185,2.58,4.38,French,NV
30548b7d-64da-a009-38f9-ad9cf6277a34,836,2.50,4.25,French,OH
86063ba9-5b95-64db-794a-bca3c2443fa1,499,2.25,4.00,French,PA
84b6f505-6599-79cb-8bc9-795a848177da,10,2.00,5.00,French,WI
3d27a15e-67ea-12a6-4475-420f61f6a6f3,8,2.00,5.00,Fruits & Veggies,NV
21147336-7e4f-31ff-3640-9c3f8693a539,6,1.00,4.50,Gas & Service Stations,NV
3727e08e-9efc-5eab-4b23-61627e860b4f,30,1.00,2.50,Gas & Service Stations,PA
e921b632-575b-1852-75a1-0437f7712eb7,587,2.00,4.00,Gastropubs,AZ
ebe3db8f-262b-4d01-512d-56afef9b1538,313,2.00,3.50,Gastropubs,NC
7200e34a-06e2-748a-367c-398ccb7069e5,1159,2.33,3.83,Gastropubs,NV
87daedde-34d1-4bb0-9269-213fbcea2ece,1248,2.50,3.50,Gastropubs,OH
02a78145-40cd-9e82-1e6c-ff071b976f47,578,2.00,3.50,Gastropubs,PA
21d52254-a065-8acf-3aac-3821de3d81f5,297,3.00,4.50,Gastropubs,WI
baed81af-7017-4ea7-8c73-9a1dbb7264d6,257,2.00,4.25,Gelato,NC
011ddc71-584e-8240-353f-571d09566db8,101,2.00,3.00,German,AZ
52543c18-3dd2-7e9a-2949-7accbb9395f7,1149,2.00,3.50,German,NV
d36136a3-532f-6e36-5a7f-8e6cd049a2f7,223,2.00,3.00,German,OH
8fb75ef2-3efc-8ab5-291b-938e02552b21,470,2.00,4.25,German,PA
300a5c91-873d-5dc6-6a4f-7f8b5bfe59df,174,2.00,3.50,German,WI
ab7415d7-3253-2d83-9e81-1d1f13ca694d,493,1.60,3.80,Gluten-Free,AZ
3b6b7b39-36e5-0108-7c0b-1096fc3974bd,297,1.50,4.17,Gluten-Free,NC
0c87f7b1-11ca-1eaf-378e-3a70e18103bf,1259,1.83,4.00,Gluten-Free,NV
09ece5f5-29ac-564a-35a3-0665636c0257,24,1.00,5.00,Gluten-Free,OH
6f9e69bb-0e7d-0033-59d2-ad3d84558f81,107,2.00,3.75,Gluten-Free,PA
5857a67a-330a-893d-734f-af8b390f31fd,155,1.67,4.00,Gluten-Free,WI
f9fc8ade-137b-2561-2947-8c3793b37f1c,10,2.00,4.00,Golf,NV
1e2ff13e-0025-64c2-11f3-13ebab58185c,885,1.17,4.33,Greek,AZ
fd908af9-83ca-16bf-1a57-dd8ca27583f8,41,1.00,3.50,Greek,IL
8115577e-96a0-4dff-6591-5a2d6b8b071f,607,1.00,3.75,Greek,NC
a8809756-4fa5-82cd-99c6-e75bc7753399,3002,1.67,3.83,Greek,NV
c7153edb-951b-276b-7e39-1e16485f24c5,11,1.50,3.50,Greek,OH
1f716104-0b0d-8362-49a4-efb76f132f9b,216,1.40,3.40,Greek,PA
0f5a657e-2031-8fd8-9558-16eb182664a8,116,1.00,3.50,Greek,WI
d3fc1fd3-98a8-4972-18ad-65d2b58e9d7f,52,3.00,3.50,Grocery,NC
0bf9b409-30a2-9aa5-50cf-6f7b37b8170a,33,1.50,3.75,Grocery,NV
df6cee7e-2ff2-0c0a-43f8-877abfff94b1,14,1.50,4.75,Grocery,OH
c0a30ed3-3bd5-656c-7548-99e8caea0074,35,1.50,3.25,Grocery,PA
e166da3c-9fec-5f26-984a-4f7f28b2a513,5,2.00,4.00,Grocery,WI
e07f75b9-70b4-9184-4136-92b8424f9087,6,2.00,5.00,Hair Salons,NV
914b63e7-38ac-26cd-76fd-2dc95fbc4f35,2273,2.00,4.00,Halal,NV
e6262e09-8562-432f-707c-41e98b5082ac,253,1.00,4.00,Hawaiian,AZ
19689233-6ac7-a00a-66d5-3a397509687f,4415,1.30,3.74,Hawaiian,NV
dabc9383-250d-10aa-96d9-8115f9ec3592,220,2.00,4.00,Himalayan/Nepalese,WI
7f7cfc40-621c-48a0-598a-e9ebbbd1852c,10,4.00,2.00,Home & Garden,AZ
eb233d6b-5028-865d-4ee4-745c159190f6,318,2.00,3.50,Hookah Bars,NV
7d25e0dc-2b4b-07ca-a180-996eeca88749,4,1.00,2.50,Hookah Bars,OH
61639ee1-96b7-456a-7e3b-db8953083e8a,58,2.00,4.00,Hookah Bars,PA
8cf35427-77e9-a5e2-9352-c2527eb04e1e,27,2.00,4.50,Hookah Bars,WI
fb339b19-53aa-532f-2fee-24eccd7e0d9a,338,1.60,3.10,Hot Dogs,AZ
1a4b4f82-1d7a-33d4-4bbc-7b370927012b,449,1.00,3.55,Hot Dogs,NC
91e1211f-751c-46ef-7ee4-ccc22ce843df,2107,1.14,2.93,Hot Dogs,NV
85ad019b-697c-8842-734f-1e3589487947,612,1.00,4.10,Hot Dogs,OH
ef5cc40a-15bf-103d-30e8-a10ec0168626,115,1.13,3.81,Hot Dogs,PA
6c16f9cc-62db-302b-6230-c50ed45b86f1,134,1.00,4.50,Hot Dogs,WI
b93a9f50-6702-0998-4481-71b97873235f,388,2.00,3.50,Hot Pot,NV
9f79c3e7-36b6-839a-0364-1cd9727936dd,26,2.00,4.50,Hot Pot,OH
ad1de5cd-0cab-6f63-a387-02813a0116e5,19,2.00,3.50,Hotels & Travel,NC
9e017712-3143-50e8-183f-7566ebd147c4,362,1.75,3.00,Hotels & Travel,NV
63d5f9c9-5c65-340a-7222-edd2f2a36243,124,3.00,3.50,Hotels & Travel,OH
66f093ef-5063-1621-826b-b1dd077428d8,16,2.00,2.00,Hotels & Travel,PA
8d1b37a1-7cf0-23cb-92e5-98ba3d84169b,35,2.00,3.50,Hotels,NC
5bf501a2-6076-35c7-518a-db09ce71023e,814,1.50,3.00,Hotels,NV
229e0d90-4a62-91f7-5674-48260f7186c7,12,4.00,2.00,Hotels,OH
ff045c36-0d59-1d7a-27a8-2d7c040b7a52,8,2.00,3.00,Hotels,PA
4eab175c-6833-2f1d-9d9c-a3be7a4a1d73,34,2.00,4.00,Hungarian,PA
72d261d4-15de-6ef8-141e-32635dd967c3,146,1.14,3.29,Ice Cream & Frozen Yogurt,AZ
b6e83a9d-5148-7691-0be5-a20c91140c67,9,1.00,2.00,Ice Cream & Frozen Yogurt,IL
2047174e-40d1-49ed-2e3d-6ff19b777df6,136,1.00,3.83,Ice Cream & Frozen Yogurt,NC
373d9c0f-6879-47f0-79b5-fc8fddbf15e6,615,1.10,3.40,Ice Cream & Frozen Yogurt,NV
268919cc-99bd-8c4f-6a03-19a3eead73fb,346,1.00,3.90,Ice Cream & Frozen Yogurt,PA
e9d8169b-1b1f-076f-a468-9d99e60e03e5,277,1.25,3.50,Ice Cream & Frozen Yogurt,WI
46c9718c-10b1-a0fd-51d9-a0ae87681d6e,820,2.00,3.70,Indian,AZ
f91cdddb-3dbc-3e91-701c-da56e3f29423,48,2.00,3.50,Indian,IL
be96bf3b-95af-5594-8c3f-584c03078d72,591,1.63,3.44,Indian,NC
259a3552-36df-2440-046a-0eaf10e115d8,2765,2.00,3.95,Indian,NV
de1058e4-55a2-1fda-837c-a51a0e6b14f6,373,1.86,3.64,Indian,OH
9d5036a6-5adc-799a-688c-f57c5ff26241,810,1.82,3.64,Indian,PA
ef21b1ea-08bf-35b4-6099-8dd37abb3c2c,470,1.67,3.67,Indian,WI
de51a4c0-24df-1dc7-2843-102a9a74369a,72,1.00,4.25,Internet Cafes,AZ
0b5ab44a-4b47-3cd3-a474-7c16f84925b3,366,2.00,4.00,Irish Pub,NV
a43c1445-72c7-7cc5-07de-32de8c5837f1,36,1.00,4.50,Irish Pub,OH
8365be63-820e-840a-958a-ee7b51d79fc7,535,2.00,4.00,Irish,AZ
e8890297-2743-381e-9a79-957e9be525a0,1648,2.00,3.50,Irish,NV
4ac3de3c-90f4-7d90-15c8-6848555b4d94,163,2.00,3.75,Irish,OH
bef1e52c-9b56-2758-7e93-31094ac923b9,34,2.00,3.50,Irish,PA
bc882827-6dca-a76d-72e3-7a86bfe61828,300,1.67,3.50,Irish,WI
7435dec0-802b-2cb4-5e42-16a2a32b2a9c,3949,1.69,3.39,Italian,AZ
73805538-4635-46b0-6fd4-876c65a2252b,66,1.00,3.00,Italian,IL
ac289cb6-99b9-7886-a140-49a718f06848,2326,2.00,3.25,Italian,NC
68bb5589-4222-703c-1464-a74575347194,21353,2.15,3.62,Italian,NV
d016bc89-38ed-35eb-7f36-b22ac44c19a9,1873,2.04,3.49,Italian,OH
424e89fa-09b8-21d5-735f-a12b94a763b7,2140,1.81,3.44,Italian,PA
ab5dd0fb-6dde-83cc-1eef-aca9a93d06a6,1221,1.86,3.43,Italian,WI
cf0eaaff-3718-103f-072f-7b8a8dd71c85,1681,1.53,3.68,Japanese,AZ
93238181-0068-73a1-8302-cdfcfaea2b4e,42,2.00,3.00,Japanese,IL
d868dc77-6246-5011-3113-59e732a28b21,1456,1.60,3.28,Japanese,NC
40cde7cf-99aa-2cee-74cd-95248e3e81ff,18420,2.03,3.86,Japanese,NV
d9eb2730-41e5-1ad3-557e-52d3692f31b8,316,1.80,3.65,Japanese,OH
f7d8466d-2605-94d4-28ad-d493b730230e,1717,2.07,3.70,Japanese,PA
c04d8811-1be2-0d62-8cf5-924ce37674a6,259,1.57,3.21,Japanese,WI
53d6bad9-9587-3fb0-4f7f-a3f48d6e19c3,15,1.00,3.50,Jazz & Blues,NV
e6378773-727f-3b47-4037-743125130e8d,83,1.50,4.00,Juice Bars & Smoothies,AZ
808dacd9-6a6e-7b31-1f17-0df5f89762d0,454,1.45,3.68,Juice Bars & Smoothies,NV
9756846a-518c-7e2e-6d2e-6be2fd1e7032,131,1.50,4.13,Juice Bars & Smoothies,OH
c02d3c13-6390-78cf-4f37-0ea723787c8e,77,1.67,4.17,Juice Bars & Smoothies,PA
a6f19946-587f-581a-65c8-09cd17c619b1,38,2.00,4.00,Juice Bars & Smoothies,WI
7a4e36e6-a0a4-3960-63c4-45e003dd91f9,36,1.00,3.50,Karaoke,NC
a4c2accc-a095-2f3c-91b1-86667e918cf0,88,2.00,5.00,Karaoke,NV
5650041f-834a-a760-9ebe-60f60b7e70ae,120,2.00,3.75,Karaoke,PA
b500dd88-281b-16ad-4b9d-164bfba28ff8,48,1.00,3.50,Korean,AZ
6ed3e2ad-141f-37cc-6b19-63b661345c7f,142,2.00,3.75,Korean,IL
0bb827b7-773f-373e-133a-0ea1fc87749b,71,2.00,4.00,Korean,NC
662e9c1e-5677-6b5e-08bf-e845e7418abc,9326,1.79,3.92,Korean,NV
b7336ff6-1f90-419a-4163-d2871e7d9799,325,2.00,4.17,Korean,OH
7f24d8c9-2db8-4a8f-3843-a643420f1e63,771,2.00,3.38,Korean,PA
1d72e125-5c94-7309-1583-d34ec3244238,80,2.00,3.50,Korean,WI
7b93a5e1-50cb-62c9-2b33-d889a34ba6ab,30,1.00,3.50,Kosher,NC
55f1edc9-5014-0d7a-4587-90b13c5b2520,186,2.00,3.75,Kosher,NV
3274572e-8a07-8b04-68bd-9618dfe110dd,5,1.00,5.00,Kosher,OH
6e344bb8-7cf8-5fc5-95d8-326dac2c454b,9,1.00,3.50,Latin American,AZ
0e2443a7-5b4f-2721-6a5c-4c8c429c9779,154,1.56,3.83,Latin American,NC
ac910bc5-64d3-2d96-8b8e-82e131130d45,576,1.38,3.69,Latin American,NV
2f5c0f8d-52e4-2814-8759-af4eb25c0784,347,1.50,3.38,Latin American,OH
25ef8db6-89b5-85e1-1951-be4c1990979d,483,1.67,3.83,Latin American,PA
3a6cbcaf-052e-55d5-7c10-94b3ec805eb0,15,1.00,3.50,Latin American,WI
738a57f5-22a9-261f-2028-928236c07123,178,2.00,4.00,Lebanese,NC
51e5472b-2681-5ebe-3850-4b8b8a449b06,333,2.00,4.50,Lebanese,NV
431719c1-40ed-35f2-a40f-29d5eb6406cc,38,2.00,4.00,Lebanese,PA
1a2cdc35-7e9c-90b1-0e8b-31e5eb6f4666,497,2.00,4.00,Live/Raw Food,NV
f258f2f7-7c73-54e9-4838-6aa921a0a14e,28,1.00,4.50,Local Flavor,IL
0bb63e88-21bd-7c0c-7224-3404ce506095,146,1.50,4.25,Local Flavor,NC
9992ea65-9174-79c2-0df4-2f4cb59b3e15,253,2.50,4.75,Local Flavor,NV
8f16ec38-5ce5-096a-7e24-3b274f6d4102,8,1.00,4.00,Local Flavor,WI
2d49962d-4c8d-a63c-94f2-78044f7f485f,4,1.00,5.00,Local Services,NV
a2ca1527-6757-1017-24e2-89f159c1a4e5,152,2.00,3.50,Lounges,AZ
27f0b14d-78c0-1000-82a1-588b7b554007,104,2.00,3.00,Lounges,NC
e57820b0-6f87-2d20-48a8-cc9b1eb03bc9,5299,2.17,3.46,Lounges,NV
4364fce3-93f2-2cdb-a5e2-57756a5c1ccf,370,1.67,3.33,Lounges,OH
7b607867-a30f-9eb1-018f-1fbaf4493c7c,212,1.67,3.17,Lounges,PA
0e5079b0-8a60-2290-5f31-32c33a2f9e97,34,1.00,4.00,Lounges,WI
7eb5562e-69f6-8b6e-5dae-8e684b2e8530,155,2.00,4.00,Macarons,PA
4011e4d1-6195-8859-513e-9567a6d363d4,72,1.00,4.50,Malaysian,AZ
d01b1e1d-4048-3523-a13f-62ce28959ea2,141,2.00,3.50,Malaysian,PA
825dd4ab-0fa5-0ba8-208f-303869f726d3,8,2.00,4.50,Massage,NC
0366e1f0-51b8-73db-6a9a-76ff6ffa55d7,22,1.00,4.00,Meat Shops,NV
8cf38087-169a-546a-9d86-f98c97bda5a6,1249,3.00,4.00,Meat Shops,PA
6d0fa06c-0ddc-1831-9451-bd8c41ff1447,1344,1.33,3.92,Mediterranean,AZ
3989dbef-3849-6c5b-4be0-6434eb824123,579,1.36,3.73,Mediterranean,NC
c27dea4a-8ba5-8f75-967e-a280e41b43d7,3277,1.76,3.47,Mediterranean,NV
44ba38d5-7ec4-1d77-1dc2-c88c5f53207d,855,1.58,3.79,Mediterranean,OH
c590b7fb-a285-661d-8512-0b1819c159d0,519,1.36,4.00,Mediterranean,PA
d3f5fa9b-1d3a-31e6-15a3-e694bc7738d2,279,1.25,3.75,Mediterranean,WI
938c9623-49a5-8a06-0ebe-75ab4c8d8c7d,9386,1.26,3.56,Mexican,AZ
42ab28d8-8142-293e-4057-23b632bc84e6,100,1.20,3.80,Mexican,IL
1fc47ce6-8bf2-2d94-5d98-b747cae99610,3858,1.33,3.52,Mexican,NC
8162784f-174a-9c7a-1a5c-c5903d81a102,24341,1.25,3.49,Mexican,NV
5b1438c1-624d-4a49-2999-3c6f4fec1693,2278,1.48,3.67,Mexican,OH
a7e4f433-1bd0-4635-88c0-f0fc4c9d7fb1,2226,1.54,3.46,Mexican,PA
811dd599-1b3a-2885-a218-90d6b50e2c7b,1236,1.37,3.33,Mexican,WI
7c104c20-5f88-1c76-17c9-b6e9f46f4e63,105,1.33,4.17,Middle Eastern,AZ
77f9a066-6288-9b3d-2723-c7e4eaa61310,219,1.50,4.00,Middle Eastern,NC
62c289b1-08f9-45af-9a39-0bb1aff01176,1373,1.89,4.11,Middle Eastern,NV
a1131dd5-69e7-569a-3790-deef48642ab9,170,1.80,4.10,Middle Eastern,OH
9126a092-76b9-38af-1316-7bbb62db8f1f,423,2.00,4.00,Middle Eastern,PA
b5bf21ee-1697-95e9-77cc-5e18ecea4f1e,106,1.00,4.00,Middle Eastern,WI
f22c00e5-61dc-3a09-8070-098f307f3494,176,2.00,3.50,Modern European,AZ
9997e329-121d-3d2a-7538-27b695dd6889,229,3.00,4.00,Modern European,NC
6ceffbc6-7fe0-6cf2-30e4-e16141986530,83,2.00,3.50,Modern European,OH
71fcf4df-1e7b-40b6-a495-8a12b3a17e91,123,2.00,4.00,Modern European,PA
96124dd6-1cd7-40ea-45be-0e0ec7013d8d,166,2.00,3.50,Mongolian,AZ
f60b04cc-2ca0-0f76-956a-cf1409a15d1d,108,2.00,3.50,Mongolian,NC
b49a3163-28d1-7db3-78ea-eac6cd82920c,308,2.00,3.50,Mongolian,NV
09e52294-20a5-41cd-6e17-5c27b6819dca,338,3.00,4.50,Moroccan,NV
18b64378-2fc7-8ed9-58dc-69abca4190e3,6,2.00,3.50,Music Venues,AZ
5f9e3fd5-7605-6635-663f-2ac7798077b7,190,1.67,3.67,Music Venues,OH
1460adb5-4eb9-2977-8c66-8243bdad0548,17,2.00,4.50,Music Venues,PA
57fd5d9a-25c8-6ab1-5594-7584e91634b8,51,2.00,3.50,Music Venues,WI
6cd14e12-92db-6544-9560-36840cf25075,199,2.00,4.00,New Mexican Cuisine,NV
01e52a63-33d7-0bcc-3d57-c810cc9f8a1a,6680,1.92,3.54,Nightlife,AZ
924a3e5d-764d-3b17-7e58-48a8769f1fdf,112,2.00,3.25,Nightlife,IL
36f1cef3-a0dc-3902-3edf-60a127e239a5,3715,1.91,3.61,Nightlife,NC
8875c094-22ef-4d88-5e5e-2d42b3419539,17572,2.03,3.66,Nightlife,NV
525fbcee-2f0a-9ffc-9db6-882f32049283,2260,1.81,3.58,Nightlife,OH
68514e47-1623-7475-8963-61ac7c087016,4153,1.84,3.58,Nightlife,PA
92eb8271-72a1-03a5-7580-9fe5f4ef9bb3,1441,1.73,3.43,Nightlife,WI
ba5df73c-123a-294f-2c14-cb80b9287d8f,426,1.00,4.00,Noodles,AZ
8ea0ca0e-0953-2607-61b9-5681026867c3,1658,1.00,3.36,Noodles,NV
10ded2dc-6b5e-998f-0b8d-f143f2030124,493,2.00,3.50,Noodles,OH
1ce52373-4605-068e-4502-16551a1779bb,490,2.00,3.75,Noodles,PA
6ac79522-67f3-8391-6e78-8d4c578e764f,103,1.00,4.00,Noodles,WI
f5fa5eaa-00e4-35c8-3360-b2fc100c2073,85,2.00,4.00,Organic Stores,NV
7156e7ec-3285-4d06-5c20-983e78e59ef7,348,2.00,3.75,Pakistani,NC
c6020cb7-47f8-5729-44b3-79ade1986fde,769,2.00,3.50,Pakistani,NV
811189a3-9aea-429f-77ca-a769cd230989,53,1.00,4.00,Pakistani,OH
47745865-3ac5-9578-1bcf-b3b65ada333d,28,2.00,1.25,Pan Asian,NV
be4b86c0-62d2-3ee2-6e50-5a1bec347aa8,12,3.00,5.00,Party & Event Planning,WI
011b15eb-6cc0-8f6a-6c91-efe837e00d88,5,2.00,2.50,Pasta Shops,NV
32cd7cf7-965e-18c5-3d2e-0b171bd07286,11,1.00,4.00,Performing Arts,OH
7807b146-0242-4a56-9807-53fd8a239ebc,30,1.00,3.50,Persian/Iranian,NC
70b31c96-70db-93c1-009c-a220d6b730b9,57,1.00,4.50,Personal Chefs,NC
03401679-36b2-0287-15d7-6c4dbe044c69,56,2.00,4.00,Peruvian,AZ
31a3533d-7862-0b15-73ae-60131ca3571e,877,1.67,4.17,Peruvian,NC
65b797c9-798e-04d8-3bd2-a2efa6a9225b,387,1.67,4.17,Peruvian,NV
e9f5e388-1fef-26f4-9c01-aba0d2976b7e,143,1.00,4.00,Peruvian,PA
696ca5aa-1fa7-9e0c-5060-fb4413be1e73,73,1.00,4.00,Peruvian,WI
b4c69e7c-5444-82bc-41a8-2a758cec4ec1,3417,1.43,3.34,Pizza,AZ
fdcd442a-879a-297b-1d1a-33e72f806dfe,123,1.56,3.22,Pizza,IL
622c9532-18b1-7809-7ccf-d88094438e89,3486,1.47,3.42,Pizza,NC
3ffb278f-0277-23e4-6f58-1b99372801ab,18433,1.57,3.17,Pizza,NV
7fe145c1-387e-628c-4db1-9d5a672a4ffc,2041,1.60,3.47,Pizza,OH
21c9f8ad-8430-49f2-6b9c-a32c95002414,3385,1.46,3.42,Pizza,PA
dfac9654-6d91-186d-24a5-8f4015c22405,1346,1.52,3.38,Pizza,WI
39341d52-9f42-7db8-8906-001fc25e4151,182,2.00,4.25,Poke,NV
84336465-4a59-3e42-239b-de35a14aa588,74,2.00,4.50,Poke,WI
4c729c68-41ab-2c70-1c93-d3fc447c5dec,358,1.33,3.83,Polish,OH
888c6920-8a31-9420-78ef-73f5c2b33879,56,1.00,5.00,Polish,PA
53c20142-7561-43b2-523b-a2a0930b6d12,74,2.00,4.00,Portuguese,PA
855d4650-319f-0e03-9850-1a81dd8e0cec,40,1.50,2.50,Pretzels,NV
d431b306-2fd4-7460-6743-825055023f7d,12,2.00,5.00,Professional Services,PA
8b3e36f9-5600-a60b-1f58-fd9cac4585ea,17,1.00,4.00,Public Services & Government,NC
c0ba2c87-36fd-5946-01d6-901515cc06b2,596,2.00,3.58,Pubs,NC
92264134-21f4-53bd-3c56-634782b14305,3863,2.00,3.43,Pubs,NV
970905cd-7211-7117-61dc-52bfdd9fa53d,230,1.67,3.83,Pubs,OH
59f3239f-19f7-9961-457c-a8675d64923c,1079,2.00,3.81,Pubs,PA
67e569ed-906a-3bb4-570a-16e0669c01b6,113,2.00,3.75,Pubs,WI
97eb3169-4be2-500d-9d5c-2504617d5cd5,89,2.00,4.50,Ramen,AZ
99a757c6-0b74-2f3c-035f-09a59b673262,460,1.50,3.50,Ramen,NC
e3601f8f-454e-48dc-4565-bf7338090608,1579,1.43,3.93,Ramen,NV
d6698154-8ac4-6882-82d8-ea4f2bf87151,209,1.50,3.00,Ramen,PA
0ff70844-4411-19d7-4987-a958b4e87f06,13,2.00,3.50,Real Estate Agents,PA
798ef4b5-42db-6d31-729b-69f6a9985302,273,1.00,4.50,Russian,WI
c6ee5a05-1eee-10a3-8901-6d900c29871a,1218,1.46,3.96,Salad,AZ
a68a8e8c-8596-754f-9075-f9ed59d948d0,575,1.27,3.53,Salad,NC
cd7eff8f-3304-2bd8-52c8-4059dd673847,2421,1.45,3.55,Salad,NV
b764227e-1c08-62b8-4519-9c927bda6d0e,174,1.50,3.19,Salad,OH
beab5a90-42ca-1696-5b32-a7e0764b7f32,217,1.80,3.80,Salad,PA
c6efeb41-57c1-7a83-87c2-3a22cf614e06,29,1.00,4.50,Salad,WI
3903d8bc-9340-6ffb-0818-02836182799b,22,1.00,3.50,Salvadoran,NC
55435893-91c0-30ca-a49f-b5ba58eb53d6,132,1.33,4.33,Salvadoran,NV
510b0566-5b7e-0a5d-9f68-e0af9efe4c83,3707,1.22,3.35,Sandwiches,AZ
35c733f6-1e78-183d-a66d-b019882c34fa,156,1.00,3.17,Sandwiches,IL
e39c8e84-2883-59a4-58e4-42e6b4d490b4,1996,1.16,3.53,Sandwiches,NC
c0669a8c-5d98-7bc8-a2ab-c6ef9a6d4cb5,11958,1.26,3.26,Sandwiches,NV
4f29f1ac-18fd-55d7-0ac7-25b10af8157f,1148,1.21,3.58,Sandwiches,OH
2a92f4ef-8dab-5c2b-7bc6-4410f7a44250,1914,1.30,3.51,Sandwiches,PA
568e2fcc-6310-7c0d-791b-246c6999181d,521,1.17,3.52,Sandwiches,WI
d591d6c3-48b6-70c1-6264-b446a3c781a7,16,2.00,4.00,Seafood Markets,NC
7904df7b-6fbe-02ab-1ddd-7d29ba5712ea,803,1.71,3.36,Seafood,AZ
c0ac9cdb-132b-8182-445e-b21fb2f4942a,1293,2.00,3.33,Seafood,NC
2a6717ef-9136-39dd-93de-2987b7df89ce,12929,2.13,3.81,Seafood,NV
d5efa4a4-66a6-0031-4cf7-fa46ce2b1b88,995,2.17,3.38,Seafood,OH
ee8bdd82-5996-1348-8ce9-1e9003f711b2,1836,2.00,3.44,Seafood,PA
91cd6045-6854-1271-5c26-1abd281d7509,413,1.71,3.57,Seafood,WI
badc18cf-7b57-3b2b-45ba-b96ad80a34ef,125,1.00,3.00,Shaved Ice,NV
adaf2a88-6bf0-4a5f-95e7-be007c9b4b85,20,2.50,3.75,Shopping Centers,NC
52848253-2ced-4e2c-a3e0-f8289c791169,598,2.00,4.00,Shopping Centers,NV
c56cb3a4-9cce-7ed8-9831-52e07113a593,54,3.00,3.00,Shopping Centers,OH
da69db9a-37ae-2e18-1ca1-6682ab604f9c,153,2.00,3.83,Shopping,NC
d16b3ace-6ddc-23c4-3664-62a9f6024ef5,61,2.00,3.50,Shopping,NV
09fca6d1-31db-56ba-251c-957717f0529c,27,2.00,3.00,Shopping,OH
7df86ead-240d-937f-250b-1ef88ac19ab3,13,1.00,4.50,Shopping,PA
369f3886-1769-259f-a1d9-51cb5828430c,3,2.00,4.50,Shopping,WI
aff8ed2b-98c3-0c86-91eb-8c8d4b13679a,166,2.00,4.00,Smokehouse,NC
a3612268-51ba-2791-2610-0392481825db,3,2.00,3.00,Social Clubs,PA
900b2cd0-535b-4fc1-9d58-b41fa2772c6f,119,1.00,3.00,Soul Food,AZ
1bf4e956-8281-630c-3d64-394b5236961a,975,1.86,3.64,Soul Food,NC
ea3696cd-2b3a-4874-2021-6934a0cca4f8,315,2.00,3.50,Soul Food,NV
ee464362-8d78-69af-6cb1-0a27c0011bc7,246,1.00,3.88,Soul Food,OH
8b0dfe8b-57ee-3dae-49f5-30919ab582ed,86,1.00,4.17,Soul Food,PA
043313ff-6314-0dec-236a-edc042bd475a,776,1.50,3.88,Soup,AZ
02e59d22-4cca-5311-5ac2-10b95d275bf2,243,1.60,3.40,Soup,NC
c6efb5f9-2fa9-a499-59bd-e435c2f72d79,529,1.50,3.75,Soup,NV
dab241ec-8ed3-6506-5154-2ceae2a591cc,178,1.75,3.88,Soup,OH
f6138770-4764-0eaf-58df-672560552f7c,144,1.33,3.33,Soup,PA
92f2f722-894b-657e-4406-91180f622b5d,60,1.00,3.50,Soup,WI
ce82df38-07f6-5242-771a-2a3009164eed,388,1.50,3.75,Southern,AZ
44131466-36d8-1fbc-33aa-bc14b0458629,2148,1.63,3.58,Southern,NC
2b5285be-9fb9-2340-7e62-9ab6bae468b3,1906,1.75,3.00,Southern,NV
7e51fc3c-0cdc-7f38-4a7f-7410314513f0,277,1.67,3.50,Southern,OH
549ae1a0-3ece-2376-6c37-c9a85224538a,153,1.50,4.00,Southern,PA
884c9e15-66ff-3bc4-6500-24c98c2e6b6f,4,1.00,4.00,Southern,WI
aea67669-a69e-4d4d-1b3e-be469fef8e47,256,1.67,3.67,Spanish,NC
f16bb997-10b7-1b45-94ad-ab6904a4179e,1343,2.67,3.83,Spanish,NV
7d4d4ad9-5750-53a5-65f6-5d6e4d37a25d,162,2.00,4.00,Spanish,OH
e42729a9-52f8-00d3-4503-6d799ecb274f,129,3.00,4.00,Spanish,PA
72015c6b-76bc-866e-8a61-e15f2e8c2050,301,1.33,4.17,Specialty Food,AZ
398aad09-a014-8f64-2409-ea3367b30628,3,1.00,4.00,Specialty Food,IL
b19e503f-8131-291f-9776-c959de5065cd,380,1.80,4.20,Specialty Food,NC
792f9be7-625a-553f-3a69-d172e9054e27,3018,1.60,3.60,Specialty Food,NV
0fc5946d-8250-7bf2-8e07-f0d82a2c7b38,222,1.50,4.13,Specialty Food,OH
62e61cda-5d54-4bba-2662-3ea5ce8aa5a7,115,1.75,4.00,Specialty Food,PA
a24d8b19-42e7-a5f0-68f6-7c5a36266ba0,65,1.50,4.50,Specialty Food,WI
8b9a7493-7546-31ed-0ea0-80f8290695ff,672,1.88,3.25,Sports Bars,AZ
2bf02a06-5726-06be-4e49-fabdd3516d64,956,1.82,3.05,Sports Bars,NC
9fde1757-7476-9074-24e8-e4480ce8a69e,904,1.91,3.45,Sports Bars,NV
88f05bf9-6d58-7ed7-827c-ab30f3413db5,319,1.70,3.55,Sports Bars,OH
f922c359-033d-0032-99c1-544803da7918,210,1.83,3.50,Sports Bars,PA
a790e2cc-30f0-2baf-8f01-ecbd27021d10,107,1.60,3.50,Sports Bars,WI
adce83d5-5a9a-3dc8-9561-4e78ab56660a,62,2.00,4.00,Sri Lankan,WI
aa39eb00-a4ce-4708-63d9-09676cff1a27,1388,2.27,3.23,Steakhouses,AZ
1fcf36f9-1410-854b-6b3a-32864bf34c1e,56,2.00,3.00,Steakhouses,IL
52675fd0-6d6f-1b92-9a02-bcddb0e18b84,1064,2.45,3.64,Steakhouses,NC
e34d3a65-44be-3635-824d-a8987d083720,27136,2.94,3.76,Steakhouses,NV
38d62b5f-26b0-3abc-4c3e-b5e0bd140f04,568,2.80,3.45,Steakhouses,OH
ceef0579-10a8-71ba-97b8-3cde033d118d,399,2.57,3.36,Steakhouses,PA
abdb4212-7f25-39d5-47d8-49205b8d9f56,717,2.83,3.42,Steakhouses,WI
699d2f17-6870-19cc-4dbc-5cc621f096d6,4,1.00,4.00,Street Vendors,NC
d1da54d5-a51f-5cbd-9511-e9e0307759c5,500,1.20,3.90,Street Vendors,NV
bd62c806-4300-37b0-4aa5-3d1852148570,33,1.00,4.00,Street Vendors,OH
6f4844a3-963e-4a50-523a-9842f0276a38,16,1.00,4.50,Street Vendors,PA
edf3337e-11e5-a516-5857-4bdbf3223bb4,7,1.00,4.50,Street Vendors,WI
3ac1052d-2dc4-82e3-6ca0-ae260a1e0b8b,3461,1.95,3.58,Sushi Bars,AZ
2f2c51b1-8a44-8ca4-9abc-886484a92626,229,2.00,3.50,Sushi Bars,IL
17077a50-2735-5cf5-4581-c11077a501ab,2081,1.86,3.64,Sushi Bars,NC
c0d266f1-15bc-8a93-5f74-379e08ff6e20,21550,2.16,3.94,Sushi Bars,NV
6880864d-4e44-2f24-5f25-a63f998d6c1e,894,2.11,3.72,Sushi Bars,OH
7795c3b3-605e-63fd-6ac8-33c13270546e,609,1.73,3.50,Sushi Bars,PA
befeb4ee-a090-80ff-84b3-945d4ec372b6,273,2.00,3.88,Sushi Bars,WI
dc9fadc9-1524-06f5-489d-7985bf721a5f,616,3.00,4.00,Swimming Pools,NV
160c073a-895f-0d4f-8b38-933a7c5368c5,68,2.00,4.00,Szechuan,AZ
7de48650-43d2-05b3-2c62-17da377b3bd2,481,1.25,3.88,Szechuan,NV
2946073a-2c0c-3309-57f9-60151ebc5485,139,2.00,3.75,Szechuan,OH
1c93f2b7-2157-9864-3a36-ecb6500414ac,178,1.67,3.67,Szechuan,PA
3916567d-4262-64fb-4ad9-026534b8434f,25,2.00,4.00,Tacos,NC
1858d3a1-383c-8f45-39df-bcf111d350bf,35,1.00,3.00,Tacos,NV
974ad6f2-8998-76a9-08a9-d26a57906faf,2674,1.50,3.58,Taiwanese,NV
5737b5fe-2f8c-38cc-1067-4cf2d5b403bf,102,1.00,4.00,Taiwanese,OH
92de9be9-2d6f-5bbc-2d91-fdf5dd78a417,4414,2.25,4.00,Tapas Bars,NV
e9ad7a43-5498-6088-019a-6b03ab611592,65,2.00,4.25,Tapas Bars,PA
fcff4025-51d3-7e77-67cd-412bf8b6354e,163,2.00,4.00,Tapas/Small Plates,NC
36443a39-a6cf-4b53-8063-a22b450649bc,1509,2.00,3.75,Tapas/Small Plates,NV
d7036d81-3f94-8760-a405-5bce5316a7b0,179,2.00,4.17,Tapas/Small Plates,OH
e3fc030c-a3b3-34e5-88ec-b842572c4ac9,351,2.33,3.33,Tapas/Small Plates,PA
8bf65e1f-33c0-7676-117e-8162de277d62,182,2.00,4.50,Tea Rooms,NV
7f30faf8-a6d2-3a6f-7f83-aa84c6b44233,293,1.50,4.25,Tea Rooms,PA
c3e839d4-8581-55ee-7909-72eaab2a57ac,25,1.00,3.50,Tea Rooms,WI
8cb37029-279f-3c92-38a9-d62cdc954aab,70,2.00,3.50,Teppanyaki,AZ
4e7c306f-4be8-2dcc-9439-0fbe75030fe4,304,2.50,4.25,Teppanyaki,NV
78ab9997-494c-466b-68b3-11403efa7b35,250,1.20,3.30,Tex-Mex,AZ
9c66dbbf-158b-39dd-353d-9433c25573a4,839,1.30,2.75,Tex-Mex,NC
8d13ff77-1ea9-70ff-4d34-a43d9aff5ae9,3419,1.33,2.89,Tex-Mex,NV
1deade6e-5d3b-8f0f-9868-4111b45373a9,109,1.00,3.50,Tex-Mex,OH
70291d48-7404-945e-0e04-004373006e92,522,1.50,3.25,Tex-Mex,PA
44386f42-4a52-5da5-0460-3de6da8c2cbc,14,1.00,2.00,Tex-Mex,WI
f4fe23ec-8448-6a29-19da-f08eca0035cf,2365,1.69,3.81,Thai,AZ
8ae93c3d-4842-8126-a0a3-d5cb71ab760e,88,1.00,4.00,Thai,IL
0945fb0f-3ca9-07ad-5a82-a9a0406a027b,1442,1.86,3.71,Thai,NC
ec20e508-81cb-4d00-1115-12c899b42745,7675,1.63,3.79,Thai,NV
0319c449-674a-53b9-a236-eac273733886,404,2.00,4.17,Thai,OH
05b3a245-718d-7f9d-2d31-8ef640a288a1,2116,1.93,3.77,Thai,PA
93300025-8d33-85b1-10ff-827a27e36cb3,198,1.67,4.00,Thai,WI
4519f056-350a-9f13-0556-d486a96e4337,11,2.00,3.50,Trinidadian,OH
7abf3f38-8d4d-7ee2-8a6a-03523dfa36c6,7,1.00,4.50,Trinidadian,WI
71bd657a-3b4e-4b1f-7565-a93ecd01039a,29,1.00,3.00,Turkish,NC
bae00183-6be0-4bb1-8eb9-1c3422ad0567,177,1.75,4.13,Turkish,PA
a4f6bff7-31a2-255b-a0d4-76b41e9d8700,358,2.00,4.00,Ukrainian,NV
55a73916-0bff-3828-550b-39422d222077,26,1.00,5.00,Vegan,AZ
17a80a8d-7fa0-8ec3-0e7b-4f832c957412,1211,1.83,4.17,Vegan,NV
d2b965ff-8e9e-0572-6b39-8c839d545ca5,17,1.50,4.75,Vegan,OH
de14719f-4453-0109-29b1-4b2989c58591,207,1.67,4.50,Vegan,PA
529735f6-1a3d-8b4f-22af-cbabe9d14ec7,41,1.00,4.00,Vegan,WI
17791e2e-5f56-1b03-9450-177a8f142ffd,1109,1.50,3.75,Vegetarian,AZ
3d11eaf6-6c14-17fd-224c-55b4b50159ee,347,1.33,4.17,Vegetarian,NC
3b50ce05-6e45-8fb5-3070-360738d43c79,3058,1.69,3.84,Vegetarian,NV
9ea7e66a-4b16-138b-2aa1-39d83c574ff6,346,1.50,4.00,Vegetarian,OH
762edbd4-1f40-1ded-0e63-564789c19083,25,1.50,3.50,Vegetarian,PA
cad6c1f5-7af4-2d37-5bce-ea63616a88ac,415,2.00,3.80,Vegetarian,WI
e969febc-72d0-31a0-4271-f316edf4320a,1045,1.00,4.50,Venezuelan,NV
c21840bb-5268-4222-13df-40b633b41f11,87,2.00,3.50,Venues & Event Spaces,NV
1b09839b-8e82-91b7-8e3e-3300aa4e8848,39,2.50,3.50,Venues & Event Spaces,PA
b766d436-2b13-1435-9a14-b2705a318d29,8,2.00,4.00,Venues & Event Spaces,WI
dbea7fd9-2524-0ab8-98bf-9713ba4398b3,513,1.00,3.75,Vietnamese,AZ
de4cc3cc-38b5-a596-3f6c-22bc4cf6894f,720,1.50,3.75,Vietnamese,NC
ddd6c7ff-81fd-0ccf-2649-51e28e135ee7,4127,1.19,3.62,Vietnamese,NV
a0ca7fe9-8e14-63af-34d1-40ce400b9554,521,1.60,3.90,Vietnamese,OH
a4c0c955-1a2f-0eac-3048-c4cb98eaa495,488,1.20,3.60,Vietnamese,PA
0fe839d8-0102-653f-046f-0f8ff933893a,468,2.00,4.00,Vietnamese,WI
298f4a51-10b3-a2b9-9d88-6df786ca8531,82,1.00,3.00,Waffles,AZ
76b7cde9-62d6-8d0a-1a5a-1b14da23681c,48,2.00,4.00,Waffles,NV
1be642be-7182-97a0-14d7-220c358791af,67,2.00,3.00,Wedding Planning,PA
2f10e993-a134-63ea-86d9-4d210d884dc4,1059,2.00,4.00,Wine Bars,AZ
9dd4d18e-5773-4b43-6f2d-b7186e9f7b29,436,2.50,4.13,Wine Bars,NC
f8774fad-54c0-94df-a4ae-e489ab3249bc,943,2.00,3.83,Wine Bars,NV
8b6de654-a105-4b7b-5276-ea79a062205e,27,2.50,4.00,Wine Bars,OH
16e55558-a1f8-7cdb-8482-909161680d30,164,2.00,4.00,Wine Bars,PA
eb1c74f0-3c6d-4c9d-496d-ab8e65dd0da1,5,1.00,1.00,Wraps,NC